<?xml version="1.0" encoding="UTF-8" ?>
<!DOCTYPE mapper
        PUBLIC "-//mybatis.org//DTD Mapper 3.0//EN"
        "http://mybatis.org/dtd/mybatis-3-mapper.dtd">

<mapper namespace="com.courses">
    <select id="getUserCount" resultType="Integer">
        select count(*) from user_1;
    </select>

    <insert id="addUser" parameterType="User">
        insert into user_1(id,name,age,sex)
        values (#{id},#{name},#{age},#{sex})
    </insert>

    <update id="updateUser" parameterType="User">
        update user_1 set name=#{name},age=#{age}
        where id=#{id}
    </update>

    <delete id="delectUser" parameterType="Integer">
        delete from user_1 where id=#{id}
    </delete>
</mapper>