[
  {
    "description":"登陆接口,成功后返回cookies",
    "request":{
      "uri":"/login",
      "method":"post",
      "json":{
        "name":"zhangsan",
        "password":"123456"
      }
    },
    "response":{
      "cookies":{
        "login":"true"
      },
      "text":"true"
    }
  },
  {
    "description":"获取用户信息接口",
    "request":{
      "uri":"/getUserInfo",
      "method":"post",
      "json":{
        "userId":"1"
      },
      "cookies":{
        "login":"true"
      }
    },
    "response":{
      "json":{
        "id":"1",
        "userName":"zhangsan",
        "password":"123456",
        "age":"20",
        "sex":"0",
        "permission":"0",
        "isDelete":"0"
      }
    }
  },
  {
    "description":"获取用户信息接口",
    "request":{
      "uri":"/getUserInfo",
      "method":"post",
      "json":{
        "userId":"1"
      },
      "cookies":{
        "login":"true"
      }
    },
    "response":{
      "json":{
        "id":"1",
        "userName":"zhangsan",
        "password":"123456",
        "age":"20",
        "sex":"0",
        "permission":"0",
        "isDelete":"0"
      }
    }
  },
  {
    "description":"获取用户信息接口",
    "request":{
      "uri":"/getUserListInfo",
      "method":"post",
      "json":{
        "sex":"0"
      },
      "cookies":{
        "login":"true"
      }
    },
    "response":{
      "json":[
        {

        "id":"1",
        "userName":"zhangsan",
        "password":"123456",
        "age":"20",
        "sex":"0",
        "permission":"0",
        "isDelete":"0"
      },
        {

          "id":"3",
          "userName":"wangwu",
          "password":"123456",
          "age":"30",
          "sex":"0",
          "permission":"1",
          "isDelete":"0"
        },{

          "id":"5",
          "userName":"zhang1",
          "password":"123",
          "age":"20",
          "sex":"0",
          "permission":"0",
          "isDelete":"0"
        }
      ]
    }
  },
  {
    "description":"增加用户接口",
    "request":{
      "uri":"/addUser",
      "method":"post",
      "json":{
        "userName":"zhao9",
        "password":"zhaozhao",
        "sex":"0",
        "age":"35",
        "permission":"1",
        "isDelete":"0"
      },
      "cookies":{
        "login":"true"
      }
    },
    "response":{
      "text":"true"
    }
  },
  {
    "description":"增加用户接口",
    "request":{
      "uri":"/updateUserInfo",
      "method":"post",
      "json":{
        "userId":"2",
        "userName":"hahahaha"
      },
      "cookies":{
        "login":"true"
      }
    },
    "response":{
      "text":"true"
    }
  },
  {
    "description":"删除用户接口",
    "request":{
      "uri":"/deleteUser",
      "method":"post",
      "json":{
        "userId":"8"
      },
      "cookies":{
        "login":"true"
      }
    },
    "response":{
      "text":"true"
    }
  }

]